id,firstName,lastName,countryOfOrigin,primaryLanguage,gender,stateOfResidence,title,age,hasPets
1,Jewell,Goodger,Australia,Japanese,Female,TAS,Mrs,78,TRUE
2,Sydney,Jurasek,Australia,Moldovan,Male,NSW,Dr,12,FALSE
3,Halimeda,Croci,Australia,Korean,Female,QLD,Mr,51,FALSE
4,Rupert,Allsepp,Australia,Aymara,Male,NSW,Honorable,14,FALSE
5,Freda,Alesio,Australia,Thai,Female,NSW,Dr,40,FALSE
6,Clevey,Warden,Australia,Catalan,Male,NSW,Ms,3,TRUE
7,Lilias,Dionisio,Australia,Italian,Female,NSW,Honorable,26,TRUE
8,Maximilien,Kettow,Australia,Dutch,Male,VIC,Rev,14,TRUE
9,Horace,Feedham,Australia,Kyrgyz,Male,NSW,Rev,99,TRUE
10,Serena,Lecordier,Australia,Tsonga,Female,SA,Mrs,19,FALSE
11,Anthiathia,Beckworth,Australia,Swahili,Female,TAS,Rev,70,FALSE
12,Tadio,Rotherham,Australia,Czech,Male,NSW,Honorable,69,FALSE
13,Cybil,McGorley,Australia,Montenegrin,Female,SA,Mr,73,FALSE
14,Baxie,Sackes,Australia,Swedish,Male,SA,Honorable,50,TRUE
15,Arlette,Colleton,Australia,Afrikaans,Female,NSW,Rev,2,TRUE
16,Marsha,Wolford,Australia,Greek,Female,VIC,Rev,91,TRUE
17,Orrin,Huyton,Australia,Hungarian,Male,VIC,Honorable,83,TRUE
18,Padraig,Cortes,Australia,Swati,Male,NSW,Mr,19,FALSE
19,Carline,Stodart,Australia,West Frisian,Female,NSW,Honorable,13,FALSE
20,Meriel,Melan,Australia,Lao,Female,NSW,Mr,31,TRUE
21,Sigrid,Roubay,Australia,Fijian,Female,NSW,Honorable,74,FALSE
22,Babette,Halladay,Australia,Hungarian,Female,NSW,Rev,75,TRUE
23,Roman,Fudger,Australia,Malayalam,Male,NSW,Rev,56,FALSE
24,Ailyn,Southway,Australia,Burmese,Female,NSW,Mrs,14,TRUE
25,Lek,Dominec,Australia,Punjabi,Male,NSW,Mr,69,TRUE
26,Thomas,Overshott,Australia,Tamil,Male,NSW,Dr,24,TRUE
27,Cristian,McGinty,Australia,Macedonian,Male,ACT,Mrs,92,FALSE
28,Tabbitha,Dincey,Australia,Spanish,Female,NSW,Mr,63,TRUE
29,Zebedee,Makin,Australia,Hebrew,Male,VIC,Ms,100,TRUE
30,Aylmar,Coger,Australia,Macedonian,Male,SA,Honorable,85,FALSE
31,Hank,Noddle,Australia,Gagauz,Male,NSW,Dr,91,TRUE
32,Shaun,Oldridge,Australia,Armenian,Male,NSW,Rev,94,TRUE
33,Braden,Winfindale,Australia,Norwegian,Male,NSW,Ms,28,FALSE
34,Dimitri,Pryde,Australia,Spanish,Male,NSW,Mrs,72,TRUE
35,Josselyn,Caulfield,Australia,Hungarian,Female,NSW,Mrs,76,TRUE
36,Delano,Borland,Australia,Armenian,Male,NSW,Mrs,4,TRUE
37,Mariann,Knotte,Australia,Yiddish,Female,SA,Mrs,88,TRUE
38,Saunder,Funcheon,Australia,Romanian,Male,TAS,Honorable,83,FALSE
39,Evanne,Breawood,Australia,Indonesian,Female,ACT,Ms,38,TRUE
40,Jermain,Dugmore,Australia,Japanese,Male,NSW,Ms,95,FALSE
41,Eberhard,Garaway,Australia,Tswana,Male,NSW,Mrs,19,TRUE
42,Barr,Nellies,Australia,Romanian,Male,NSW,Mrs,20,FALSE
43,Bridgette,Maleney,Australia,Czech,Female,NSW,Dr,29,FALSE
44,Nani,Annatt,Australia,Malagasy,Female,ACT,Ms,11,FALSE
45,Jose,Minshall,Australia,Irish Gaelic,Male,NSW,Rev,20,TRUE
46,Kory,Dowry,Australia,Yiddish,Male,NSW,Mrs,10,TRUE
47,Dyann,Prater,Australia,Polish,Female,NSW,Mrs,71,TRUE
48,Cyb,Rydings,Australia,Assamese,Female,SA,Dr,99,TRUE
49,Reamonn,Schimpke,Australia,Dutch,Male,NSW,Mrs,23,TRUE
50,Armstrong,Rickets,Australia,Filipino,Male,TAS,Dr,72,FALSE
51,Gerri,Di Bartolommeo,Australia,Sotho,Male,NSW,Mr,86,TRUE
52,Yoshiko,Torel,Australia,Sotho,Female,NSW,Dr,97,TRUE
53,Augy,O'Lagene,Australia,Hiri Motu,Male,NSW,Rev,96,TRUE
54,Jasun,Gebhardt,Australia,Moldovan,Male,WA,Rev,95,FALSE
55,Magdalen,Feehily,Australia,Mongolian,Female,NSW,Rev,75,FALSE
56,Jeff,McCuthais,Australia,Malayalam,Male,TAS,Mr,46,TRUE
57,Torie,Northey,Australia,Khmer,Female,SA,Ms,28,FALSE
58,Faina,McGahern,Australia,Luxembourgish,Female,NSW,Mr,89,TRUE
59,Vonni,Lewsy,Australia,Armenian,Female,TAS,Mr,25,FALSE
60,Neddy,Cottom,Australia,Thai,Male,WA,Dr,67,TRUE
61,Joya,Grouse,Australia,Kashmiri,Female,NSW,Mrs,6,FALSE
62,Viki,O'Cullinane,Australia,Afrikaans,Female,VIC,Honorable,17,FALSE
63,Dannye,Spohrmann,Australia,Montenegrin,Female,NSW,Honorable,15,FALSE
64,Toiboid,Besset,Australia,Catalan,Male,NSW,Honorable,80,TRUE
65,Abramo,Bedo,Australia,Hindi,Male,NSW,Ms,84,FALSE
66,Kalie,Hellard,Australia,Nepali,Female,NSW,Rev,3,FALSE
67,Delinda,Proger,Australia,Bengali,Female,NSW,Mr,33,FALSE
68,Ilsa,Blackboro,Australia,Kazakh,Female,NSW,Dr,77,FALSE
69,Kirby,Arlott,Australia,Maltese,Male,SA,Dr,75,TRUE
70,Shae,Tuffell,Australia,Tswana,Female,NSW,Mrs,49,TRUE
71,Bondon,Runciman,Australia,Malay,Male,SA,Rev,1,FALSE
72,Garvin,Cheyenne,Australia,Kazakh,Male,SA,Ms,25,TRUE
73,Shermy,Heeley,Australia,Maltese,Male,SA,Ms,28,FALSE
74,Giffard,Beagen,Australia,Swahili,Male,TAS,Dr,85,FALSE
75,Gratiana,Burtonwood,Australia,Bislama,Female,WA,Mrs,93,TRUE
76,Brandyn,Carding,Australia,Maltese,Male,NSW,Honorable,70,TRUE
77,Nikolai,Sibthorpe,Australia,Tajik,Male,NSW,Mr,16,TRUE
78,Agna,Wimpress,Australia,Romanian,Female,NSW,Mr,16,TRUE
79,Kania,Kochl,Australia,Polish,Female,NSW,Mr,39,TRUE
80,Claiborne,Naerup,Australia,Tok Pisin,Male,SA,Mr,63,TRUE
81,Skippie,Salvador,Australia,Romanian,Male,ACT,Honorable,71,FALSE
82,Townsend,Howler,Australia,Montenegrin,Male,NSW,Mr,79,FALSE
83,Jerrylee,Bracchi,Australia,French,Female,TAS,Ms,67,TRUE
84,Darb,Seiter,Australia,Assamese,Female,NSW,Dr,49,TRUE
85,Sibel,Lysaght,Australia,Mongolian,Female,QLD,Mrs,87,FALSE
86,Cad,Roy,Australia,Swahili,Male,NSW,Mrs,42,FALSE
87,Conrad,Langabeer,Australia,Khmer,Male,NSW,Mrs,54,TRUE
88,Doralynn,Bletsoe,Australia,Bulgarian,Female,WA,Mr,7,TRUE
89,Lazare,Barson,Australia,Hindi,Male,NSW,Ms,6,TRUE
90,Charlena,Wharin,Australia,Norwegian,Female,NSW,Dr,77,FALSE
91,Sauncho,Trangmar,Australia,Kashmiri,Male,TAS,Ms,50,FALSE
92,Hillie,Cherrison,Australia,Kashmiri,Male,ACT,Mrs,77,FALSE
93,Bard,Yelding,Australia,Dzongkha,Male,NSW,Honorable,44,FALSE
94,Morganica,Thickett,Australia,Assamese,Female,TAS,Mrs,24,TRUE
95,Elbertina,O'Rafferty,Australia,Lithuanian,Female,TAS,Ms,41,FALSE
96,Kain,Dumsday,Australia,Macedonian,Male,NSW,Mr,34,FALSE
97,Edyth,Wadman,Australia,Gagauz,Female,TAS,Dr,30,FALSE
98,Arri,Soughton,Australia,Danish,Male,NSW,Rev,57,TRUE
99,Sari,Baldetti,Australia,Malay,Female,NSW,Rev,74,FALSE
100,Pammi,Mateu,Australia,Malagasy,Female,NSW,Dr,31,FALSE
101,Trumaine,Singleton,Australia,Lao,Male,NSW,Rev,8,FALSE
102,Olivero,Strother,Australia,Malagasy,Male,NSW,Mrs,34,FALSE
103,Erik,Tomalin,Australia,Pashto,Male,NSW,Mrs,3,TRUE
104,Monah,Allchorn,Australia,Kashmiri,Female,NSW,Ms,93,FALSE
105,Philomena,Cisco,Australia,Fijian,Female,NSW,Mr,81,TRUE
106,Blinny,Baraja,Australia,English,Female,NSW,Mrs,31,FALSE
107,Joelie,Grew,Australia,Telugu,Female,NSW,Dr,13,TRUE
108,Sybila,Kirkwood,Australia,Georgian,Female,NSW,Rev,92,FALSE
109,Hi,Iacobucci,Australia,English,Male,WA,Mrs,45,TRUE
110,Rianon,Roy,Australia,Northern Sotho,Female,NSW,Mrs,44,FALSE
111,Randy,Goss,Australia,Thai,Male,NSW,Rev,7,TRUE
112,Kaspar,Neeson,Australia,Lithuanian,Male,NSW,Honorable,8,FALSE
113,Wayland,Widdall,Australia,Armenian,Male,NSW,Dr,48,FALSE
114,Kirk,McCreedy,Australia,Arabic,Male,NSW,Ms,81,TRUE
115,Mada,Culter,Australia,Assamese,Female,SA,Honorable,71,FALSE
116,Fannie,Innott,Australia,Quechua,Female,QLD,Rev,53,TRUE
117,Rudy,Jakoviljevic,Australia,Yiddish,Male,SA,Ms,17,FALSE
118,Sonja,Jurkiewicz,Australia,Swedish,Female,NSW,Mrs,94,TRUE
119,Rozanne,Fuggle,Australia,English,Female,NSW,Mrs,38,FALSE
120,Marylee,Caldeyroux,Australia,Papiamento,Female,QLD,Mrs,88,TRUE
121,Almeda,Hulls,Australia,Finnish,Female,VIC,Honorable,9,TRUE
122,Vittorio,Ollerearnshaw,Australia,Irish Gaelic,Male,NSW,Mrs,37,FALSE
123,Jojo,Fittis,Australia,Mongolian,Female,TAS,Mrs,92,FALSE
124,Danica,Paffley,Australia,Malagasy,Female,NSW,Dr,4,TRUE
125,Hugues,Macer,Australia,New Zealand Sign Language,Male,NSW,Rev,33,FALSE
126,Axe,Twoohy,Australia,Armenian,Male,VIC,Rev,87,FALSE
127,Broderic,Lucius,Australia,Tetum,Male,TAS,Mrs,71,FALSE
128,Clarie,Brogi,Australia,Croatian,Female,SA,Mrs,61,FALSE
129,Verina,Gove,Australia,Thai,Female,SA,Rev,18,FALSE
130,Bob,Barrus,Australia,Moldovan,Male,QLD,Ms,38,TRUE
131,Lira,Mahmood,Australia,Maltese,Female,NSW,Rev,7,TRUE
132,Berrie,Gilmour,Australia,Czech,Female,NSW,Mr,52,FALSE
133,Chickie,Dowzell,Australia,Finnish,Female,ACT,Mrs,62,TRUE
134,Adolpho,McDirmid,Australia,Norwegian,Male,NSW,Dr,38,FALSE
135,Meade,Maudsley,Australia,Irish Gaelic,Female,SA,Ms,84,TRUE
136,Goddart,Lyngsted,Australia,Greek,Male,SA,Rev,92,TRUE
137,Gordon,Donson,Australia,Somali,Male,WA,Rev,64,TRUE
138,Cicily,Mallinder,Australia,Dhivehi,Female,NSW,Rev,14,TRUE
139,Caressa,Kermeen,Australia,Montenegrin,Female,WA,Dr,7,FALSE
140,Savina,McCook,Australia,Haitian Creole,Female,NSW,Mr,71,TRUE
141,Roosevelt,Donnellan,Australia,Burmese,Male,NSW,Ms,1,TRUE
142,Granny,Arnke,Australia,Aymara,Male,NSW,Honorable,27,TRUE
143,Early,Halewood,Australia,Azeri,Male,TAS,Honorable,19,TRUE
144,Beltran,Ricold,Australia,Hindi,Male,ACT,Dr,23,TRUE
145,Gaston,Balcers,Australia,Tsonga,Male,NSW,Dr,37,FALSE
146,Hadlee,Hoovart,Australia,Aymara,Male,ACT,Ms,90,FALSE
147,Saul,Nethercott,Australia,Spanish,Male,SA,Rev,58,FALSE
148,Eran,Mercy,Australia,Finnish,Female,NSW,Ms,69,FALSE
149,Vlad,Swinfen,Australia,Northern Sotho,Male,VIC,Ms,19,TRUE
150,Dene,Shardlow,Australia,Bengali,Male,WA,Rev,17,FALSE
151,Joey,Elie,Australia,Assamese,Female,TAS,Honorable,57,TRUE
152,Fabien,D'Aeth,Australia,Kazakh,Male,TAS,Ms,65,TRUE
153,Elijah,Billson,Australia,Italian,Male,TAS,Rev,34,FALSE
154,Dory,Quiddihy,Australia,Bosnian,Female,NSW,Mrs,47,TRUE
155,Thomasina,Pluthero,Australia,Czech,Female,VIC,Honorable,8,TRUE
156,Thibaut,Vacher,Australia,Punjabi,Male,NSW,Mrs,30,FALSE
157,Ennis,Tregiddo,Australia,Telugu,Male,NSW,Rev,93,TRUE
158,Estevan,Viger,Australia,Swedish,Male,SA,Mr,87,TRUE
159,Madalyn,Sydes,Australia,West Frisian,Female,NSW,Honorable,37,FALSE
160,Baxy,Mouat,Australia,English,Male,NSW,Honorable,11,TRUE
161,Bari,Matyushenko,Australia,English,Female,NSW,Rev,28,FALSE
162,Dollie,MacKall,Australia,Maltese,Female,NSW,Honorable,85,FALSE
163,Lucho,Ellerby,Australia,Malagasy,Male,TAS,Ms,34,FALSE
164,Yance,Dumblton,Australia,Icelandic,Male,NSW,Honorable,79,TRUE
165,Hanson,Sayers,Australia,Finnish,Male,NSW,Mrs,64,FALSE
166,Sarena,Maybery,Australia,Bulgarian,Female,WA,Mr,59,TRUE
167,Hewitt,Praton,Australia,French,Male,NSW,Honorable,3,FALSE
168,Averil,Lomis,Australia,Korean,Female,SA,Rev,15,FALSE
169,Sauveur,Wardrop,Australia,Montenegrin,Male,NSW,Mr,88,TRUE
170,Lionel,Pawlaczyk,Australia,Swahili,Male,VIC,Honorable,63,FALSE
171,Nathanial,Tremellier,Australia,Icelandic,Male,NSW,Rev,95,FALSE
172,Mack,Impett,Australia,Japanese,Male,NSW,Rev,28,FALSE
173,Roman,McClelland,Australia,Swahili,Male,NSW,Mr,7,FALSE
174,Willi,Benedite,Australia,Hiri Motu,Female,WA,Rev,28,TRUE
175,Marian,Darbon,Australia,Arabic,Female,NSW,Honorable,40,FALSE
176,Washington,Scrivin,Australia,Bulgarian,Male,SA,Dr,72,TRUE
177,Etta,Cubbit,Australia,West Frisian,Female,NSW,Dr,18,FALSE
178,Griff,McAvey,Australia,Tetum,Male,NSW,Honorable,78,TRUE
179,Andra,Grote,Australia,Yiddish,Female,TAS,Ms,53,TRUE
180,Giorgi,Rennebach,Australia,Polish,Male,NSW,Honorable,100,FALSE
181,Myrle,Perrin,Australia,Moldovan,Female,NSW,Mrs,44,TRUE
182,Cherilyn,Larwood,Australia,Malagasy,Female,NSW,Ms,80,TRUE
183,Risa,Zecchi,Australia,Polish,Female,NSW,Ms,84,TRUE
184,Rafferty,Butterwick,Australia,Haitian Creole,Male,NSW,Mrs,32,TRUE
185,Idaline,Dutt,Australia,Afrikaans,Female,NSW,Dr,4,FALSE
186,Lazare,Kuhne,Australia,Belarusian,Male,WA,Dr,5,FALSE
187,Korrie,Yeatman,Australia,Malayalam,Female,SA,Mr,21,FALSE
188,Dione,Grandison,Australia,Danish,Female,QLD,Mr,26,FALSE
189,Karola,Trathen,Australia,French,Female,NSW,Dr,83,FALSE
190,Babette,Lapree,Australia,Bislama,Female,NSW,Honorable,97,FALSE
191,Collen,Levens,Australia,Māori,Female,QLD,Mr,60,TRUE
192,Glennie,Sworder,Australia,Kannada,Female,VIC,Ms,90,FALSE
193,Eddy,Hanhart,Australia,Aymara,Male,NSW,Honorable,64,FALSE
194,Ezekiel,Bettridge,Australia,Papiamento,Male,NSW,Rev,1,FALSE
195,Tuck,Cabrales,Australia,Tajik,Male,QLD,Mrs,1,FALSE
196,Noreen,Angell,Australia,Macedonian,Female,TAS,Honorable,40,TRUE
197,Odelia,Stranieri,Australia,Malagasy,Female,NSW,Rev,29,FALSE
198,Carly,Figgen,Australia,Bulgarian,Female,NSW,Dr,13,TRUE
199,Spenser,Jacobsen,Australia,Lithuanian,Male,NSW,Rev,65,TRUE
200,Reuven,Wyant,Australia,Bosnian,Male,SA,Mrs,60,FALSE
201,Tye,Waugh,Australia,Aymara,Male,NSW,Dr,62,FALSE
202,Goldy,Ambrus,Australia,Portuguese,Female,NSW,Ms,43,FALSE
203,Raddie,Giraudo,Australia,Kurdish,Male,TAS,Ms,28,FALSE
204,Valaree,Landeg,Australia,Assamese,Female,NSW,Mrs,81,TRUE
205,Marena,Drayton,Australia,Lao,Female,NSW,Dr,39,TRUE
206,Ysabel,Rasher,Australia,Pashto,Female,WA,Dr,16,TRUE
207,Zonda,Marvin,Australia,Azeri,Female,NSW,Rev,76,FALSE
208,Marcus,Dyke,Australia,Māori,Male,NSW,Dr,70,FALSE
209,Natale,Antat,Australia,Bengali,Male,NSW,Honorable,61,FALSE
210,Thorny,Hadeke,Australia,Fijian,Male,NSW,Honorable,81,FALSE
211,Wilt,Males,Australia,Belarusian,Male,WA,Rev,76,TRUE
212,Sibylla,Bereford,Australia,Quechua,Female,WA,Mrs,20,FALSE
213,Benjy,Gallichiccio,Australia,Telugu,Male,NSW,Rev,55,TRUE
214,Meredeth,Wilcocks,Australia,Swati,Male,NSW,Mr,95,FALSE
215,Marieann,Romi,Australia,Gujarati,Female,VIC,Dr,20,TRUE
216,Corabella,Tremberth,Australia,West Frisian,Female,NSW,Mr,88,FALSE
217,Gawen,Simoneschi,Australia,Bislama,Male,NSW,Mrs,12,TRUE
218,Merv,Sopp,Australia,Hiri Motu,Male,NSW,Ms,43,TRUE
219,Kimble,Rimbault,Australia,Hebrew,Male,TAS,Honorable,7,TRUE
220,Ward,Hemphill,Australia,Montenegrin,Male,NSW,Mr,48,FALSE
221,Gratiana,Colloff,Australia,Czech,Female,NSW,Dr,68,TRUE
222,Sibyl,Fischer,Australia,Gujarati,Female,NSW,Honorable,98,TRUE
223,Sylvester,Clinch,Australia,Kazakh,Male,NSW,Dr,64,TRUE
224,Danny,Hills,Australia,Thai,Male,VIC,Ms,39,TRUE
225,Sayre,Grimstead,Australia,Maltese,Female,NSW,Rev,75,FALSE
226,Suzy,MacBey,Australia,Tok Pisin,Female,WA,Mrs,63,TRUE
227,Vassili,Fellini,Australia,Croatian,Male,NSW,Ms,64,FALSE
228,Maria,Farrants,Australia,Yiddish,Female,VIC,Ms,90,FALSE
229,Wilton,McCurtain,Australia,Aymara,Male,WA,Mr,100,FALSE
230,Marietta,Sherborne,Australia,Oriya,Male,NSW,Mr,45,FALSE
231,Martainn,Vasilevich,Australia,Somali,Male,NSW,Mrs,77,FALSE
232,Vania,Corcut,Australia,Swedish,Female,NSW,Rev,31,FALSE
233,Inigo,O'Dunniom,Australia,Tajik,Male,NSW,Honorable,6,FALSE
234,Sephira,Drife,Australia,Hindi,Female,NSW,Mr,48,TRUE
235,Bibbye,Stiffell,Australia,Persian,Female,NSW,Dr,42,TRUE
236,Rosco,Rollings,Australia,Swati,Male,VIC,Mr,60,TRUE
237,Lucita,Antoniottii,Australia,Catalan,Female,SA,Dr,99,TRUE
238,Merrie,Brownscombe,Australia,Tsonga,Female,NSW,Mr,91,TRUE
239,Broderick,Jeannon,Australia,Kazakh,Male,WA,Rev,100,FALSE
240,Robena,Bridywater,Australia,Estonian,Female,NSW,Mrs,48,FALSE
241,Yasmin,Claibourn,Australia,Finnish,Female,NSW,Dr,80,TRUE
242,Barbette,McCoy,Australia,Korean,Female,NSW,Mr,92,FALSE
243,Lindsy,Berzin,Australia,Indonesian,Female,NSW,Ms,77,FALSE
244,Sherie,Sinderson,Australia,Latvian,Female,NSW,Ms,99,TRUE
245,Allard,Paris,Australia,Montenegrin,Male,NSW,Ms,57,TRUE
246,Thadeus,Bram,Australia,Gagauz,Male,NSW,Mrs,31,TRUE
247,Rudd,Whorlow,Australia,Macedonian,Male,NSW,Rev,68,TRUE
248,Neel,Hardiman,Australia,Spanish,Male,TAS,Rev,88,TRUE
249,Tomkin,Cristofor,Australia,Quechua,Male,NSW,Mr,74,TRUE
250,Caril,Towner,Australia,Tamil,Female,NSW,Honorable,90,TRUE
251,Nealy,Destouche,Australia,Assamese,Male,NSW,Mrs,8,FALSE
252,Caryn,Huntar,Australia,Persian,Female,NSW,Dr,30,TRUE
253,Luisa,Wrout,Australia,Kashmiri,Female,NSW,Rev,32,FALSE
254,Angeli,Trenchard,Australia,Romanian,Male,NSW,Mrs,78,TRUE
255,Allie,Scraney,Australia,Quechua,Male,SA,Ms,57,TRUE
256,Rosalind,Drysdall,Australia,Catalan,Female,TAS,Mrs,90,FALSE
257,Filberto,Fuzzard,Australia,Somali,Male,NSW,Mr,88,TRUE
258,Mela,Johnikin,Australia,Khmer,Female,NSW,Ms,77,TRUE
259,Mabel,Leathard,Australia,Northern Sotho,Female,NSW,Rev,74,TRUE
260,Nikos,Thiem,Australia,Yiddish,Male,TAS,Dr,87,TRUE
261,Mair,Loakes,Australia,Oriya,Female,NSW,Rev,67,TRUE
262,Ianthe,McIlmurray,Australia,Malayalam,Female,NSW,Mr,4,TRUE
263,Kayley,Sterndale,Australia,English,Female,TAS,Ms,88,FALSE
264,Lisette,Mahody,Australia,Khmer,Female,TAS,Mrs,22,TRUE
265,Dennie,Rodriguez,Australia,Pashto,Male,WA,Dr,25,TRUE
266,Georgeanna,Ziemens,Australia,Belarusian,Female,QLD,Honorable,3,TRUE
267,Waverley,Josefsohn,Australia,Indonesian,Male,VIC,Dr,77,FALSE
268,Anders,Scurrah,Australia,Moldovan,Male,WA,Dr,51,FALSE
269,Marian,Santorini,Australia,Malay,Female,NSW,Mr,74,FALSE
270,Bucky,Courtliff,Australia,Quechua,Male,NSW,Mrs,58,FALSE
271,Vaughn,Cluitt,Australia,Haitian Creole,Male,SA,Ms,83,FALSE
272,Desmond,Vicent,Australia,Indonesian,Male,NSW,Mrs,67,FALSE
273,Philippine,MacAlpyne,Australia,Dari,Female,NSW,Rev,25,TRUE
274,Alvis,Petrovykh,Australia,Luxembourgish,Male,NSW,Rev,70,FALSE
275,Thorny,Giddins,Australia,Moldovan,Male,NSW,Honorable,57,FALSE
276,Jesse,Lippett,Australia,German,Female,TAS,Dr,57,TRUE
277,Iolande,Martugin,Australia,Arabic,Female,NSW,Honorable,13,TRUE
278,Adolph,Verrier,Australia,Assamese,Male,NSW,Mr,42,FALSE
279,Chicky,Tchaikovsky,Australia,Polish,Female,SA,Rev,59,FALSE
280,Evered,Dumpleton,Australia,Macedonian,Male,NSW,Mr,34,TRUE
281,Evan,Eastridge,Australia,Montenegrin,Male,SA,Honorable,39,TRUE
282,Towny,Wheelwright,Australia,Hebrew,Male,NSW,Mrs,92,TRUE
283,De,Divine,Australia,Azeri,Female,NSW,Honorable,74,FALSE
284,Toddie,Capp,Australia,Sotho,Male,NSW,Mr,20,TRUE
285,Claudelle,Geill,Australia,Zulu,Female,NSW,Rev,44,FALSE
286,Nolana,Handscombe,Australia,Montenegrin,Female,NSW,Honorable,63,FALSE
287,Francisca,Hirth,Australia,Punjabi,Female,TAS,Ms,42,TRUE
288,Hilary,Neilands,Australia,Khmer,Male,NSW,Ms,70,FALSE
289,Elicia,Point,Australia,Azeri,Female,NSW,Honorable,77,TRUE
290,Cassey,Vasnetsov,Australia,Pashto,Female,VIC,Honorable,50,FALSE
291,Kevon,Poulney,Australia,Burmese,Male,NSW,Mrs,61,TRUE
292,Goldina,Seeger,Australia,Swati,Female,WA,Mrs,84,FALSE
293,Stillman,Chopping,Australia,Italian,Male,NSW,Mr,100,FALSE
294,Reeba,Snodin,Australia,Ndebele,Female,SA,Dr,98,FALSE
295,Chet,MacTrusty,Australia,Somali,Male,NSW,Dr,28,TRUE
296,Marylinda,Folan,Australia,Dari,Female,SA,Ms,1,FALSE
297,Ive,Reggio,Australia,Montenegrin,Male,NSW,Dr,26,TRUE
298,Reagen,Etter,Australia,Macedonian,Male,QLD,Dr,98,TRUE
299,Alvin,Whiteland,Australia,Estonian,Male,SA,Mr,28,TRUE
300,Emmey,Bretland,Australia,Tsonga,Female,NSW,Dr,6,FALSE
301,Augie,Heindl,Australia,Arabic,Male,SA,Dr,15,TRUE
302,Claudia,Grayham,Australia,Thai,Female,VIC,Rev,17,FALSE
303,Gaylord,Goalley,Australia,Chinese,Male,TAS,Mr,26,FALSE
304,Diane,Deporte,Australia,Nepali,Female,NSW,Rev,58,FALSE
305,Wren,Huburn,Australia,Punjabi,Female,NSW,Dr,61,FALSE
306,Humphrey,Frapwell,Australia,Afrikaans,Male,NSW,Mrs,23,TRUE
307,Faunie,Gillian,Australia,Afrikaans,Female,NSW,Dr,78,FALSE
308,Jodi,Briscam,Australia,Sotho,Female,NSW,Mr,11,FALSE
309,Aloisia,Mundy,Australia,Haitian Creole,Female,NSW,Rev,26,TRUE
310,Baxie,Collidge,Australia,Tajik,Male,WA,Mr,98,TRUE
311,Florentia,Feldbaum,Australia,West Frisian,Female,NSW,Mr,2,TRUE
312,Kevina,Burgett,Australia,Hungarian,Female,NSW,Ms,9,FALSE
313,Marshal,Dericot,Australia,Tswana,Male,NSW,Mrs,43,TRUE
314,Floyd,Pisculli,Australia,Malagasy,Male,TAS,Ms,11,FALSE
315,Tybalt,Paffitt,Australia,Mongolian,Male,NSW,Rev,51,TRUE
316,Sammie,Blaszczyk,Australia,Kashmiri,Male,TAS,Mr,79,FALSE
317,Keelia,Pallent,Australia,Dutch,Female,NSW,Rev,54,FALSE
318,Markos,Kemish,Australia,Swati,Male,NSW,Rev,19,TRUE
319,Gabrielle,Oley,Australia,Belarusian,Female,SA,Rev,68,TRUE
320,Giuditta,Cantle,Australia,Malay,Female,NSW,Ms,21,TRUE
321,Gerardo,Puckring,Australia,Marathi,Male,NSW,Dr,7,FALSE
322,Jandy,Feehily,Australia,Papiamento,Female,NSW,Dr,15,TRUE
323,Marianne,Kemp,Australia,Bislama,Female,WA,Honorable,58,TRUE
324,Lancelot,Hewlings,Australia,Sotho,Male,TAS,Honorable,62,FALSE
325,Helyn,Barnbrook,Australia,Northern Sotho,Female,SA,Mrs,67,FALSE
326,Derry,Attenbrow,Australia,Yiddish,Male,NSW,Ms,91,FALSE
327,Seymour,Plett,Australia,Gujarati,Male,NSW,Mr,74,FALSE
328,Fionnula,Azam,Australia,Bislama,Female,NT,Honorable,27,FALSE
329,Garwood,Keward,Australia,Gujarati,Male,NT,Mr,64,FALSE
330,Gibbie,Stoner,Australia,Swedish,Male,NT,Mr,88,TRUE
331,Ike,Corradeschi,Australia,Aymara,Male,NT,Mrs,45,TRUE
332,Shayna,Windows,Australia,Thai,Female,NT,Dr,12,FALSE
333,Lauretta,Gordge,Australia,Mongolian,Female,NT,Honorable,78,FALSE
334,Ephraim,Dransfield,Australia,Greek,Male,NT,Honorable,27,FALSE
335,Warren,Leadbitter,Australia,Somali,Male,TAS,Mr,71,TRUE
336,Bartholomeus,Southorn,Australia,Icelandic,Male,TAS,Honorable,63,FALSE
337,Hugh,Valencia,Australia,Bislama,Male,SA,Honorable,21,TRUE
338,Elisha,Cicchinelli,Australia,Estonian,Male,NSW,Mr,55,TRUE
339,Maggy,Heinecke,Australia,Montenegrin,Female,NSW,Mr,84,TRUE
340,Kin,Halse,Australia,Malayalam,Male,NSW,Ms,40,TRUE
341,Ravi,Huke,Australia,Chinese,Male,NSW,Rev,27,FALSE
342,Pooh,Bortolotti,Australia,Ndebele,Female,SA,Rev,10,TRUE
343,Rabbi,Kort,Australia,Aymara,Male,NSW,Mrs,20,FALSE
344,Natividad,Goldster,Australia,Kannada,Female,SA,Rev,93,TRUE
345,Brooke,Tofpik,Australia,Estonian,Female,WA,Rev,21,FALSE
346,Rey,Cordero,Australia,Khmer,Male,TAS,Dr,79,FALSE
347,Reiko,Tellenbroker,Australia,Nepali,Female,NSW,Dr,60,TRUE
348,Tymon,Bennough,Australia,Māori,Male,TAS,Mrs,57,TRUE
349,Gilligan,Standall,Australia,English,Female,NSW,Mr,87,TRUE
350,Nickolas,Coultass,Australia,Czech,Male,NSW,Ms,35,FALSE
351,Reece,Kenewell,Australia,Chinese,Male,NSW,Rev,27,FALSE
352,Raynard,Forrestor,Australia,Kannada,Male,NSW,Honorable,97,FALSE
353,Weylin,Linsley,Australia,Georgian,Male,NSW,Dr,47,TRUE
354,Mallissa,Glaisner,Australia,Tok Pisin,Female,SA,Honorable,96,TRUE
355,Delinda,Killcross,Australia,Malagasy,Female,SA,Rev,53,FALSE
356,Audi,Jedras,Australia,Punjabi,Female,NSW,Dr,30,TRUE
357,Brian,de Vaen,Australia,Kazakh,Male,NSW,Honorable,33,FALSE
358,Oates,Suter,Australia,Dhivehi,Male,NSW,Dr,91,FALSE
359,Sadella,Culwen,Australia,Aymara,Female,SA,Honorable,52,FALSE
360,Horace,Brandassi,Australia,Macedonian,Male,TAS,Rev,18,TRUE
361,Cally,Arndell,Australia,Afrikaans,Female,NSW,Ms,29,TRUE
362,Adrienne,Yarnton,Australia,Greek,Female,VIC,Ms,62,TRUE
363,Lebbie,Matisoff,Australia,Dzongkha,Female,NSW,Mrs,69,TRUE
364,Vivyanne,Diess,Australia,Belarusian,Female,NSW,Honorable,84,TRUE
365,Herbert,Hambelton,Australia,Filipino,Male,NSW,Mr,22,TRUE
366,Haywood,Erskine Sandys,Australia,Albanian,Male,SA,Honorable,22,TRUE
367,Forester,Rarity,Australia,Quechua,Male,NSW,Dr,28,TRUE
368,Joane,Busch,Australia,Belarusian,Female,NSW,Mrs,56,FALSE
369,Kelsy,Reyson,Australia,Korean,Female,NSW,Mrs,80,FALSE
370,Waneta,McCullouch,Australia,Spanish,Female,NSW,Rev,34,FALSE
371,Heidi,Challender,Australia,Croatian,Female,TAS,Mr,20,TRUE
372,Spence,Lambrechts,Australia,Macedonian,Male,NSW,Dr,90,FALSE
373,Lothario,Snary,Australia,Tok Pisin,Male,TAS,Rev,14,FALSE
374,Cornelius,Edon,Australia,German,Male,NSW,Mrs,80,FALSE
375,Brigham,McCuish,Australia,Hindi,Male,QLD,Mrs,65,FALSE
376,Genia,O'Currigan,Australia,German,Female,NSW,Ms,96,FALSE
377,Haroun,Bellenie,Australia,Thai,Male,SA,Honorable,93,TRUE
378,Erminia,Kettlewell,Australia,Malay,Female,NSW,Dr,21,TRUE
379,Salli,Nickell,Australia,Tajik,Female,SA,Honorable,14,FALSE
380,Weider,Borrowman,Australia,Hiri Motu,Male,VIC,Rev,8,FALSE
381,Curran,Connealy,Australia,Papiamento,Male,NSW,Ms,2,TRUE
382,Cherilynn,Folkes,Australia,Dutch,Female,NSW,Mr,57,TRUE
383,Darill,Menere,Australia,Polish,Male,NSW,Mrs,13,TRUE
384,Adey,Hedlestone,Australia,Dhivehi,Female,NSW,Mr,21,FALSE
385,Jeddy,Shanahan,Australia,Nepali,Male,SA,Mrs,59,FALSE
386,Zaneta,Bichener,Australia,Punjabi,Female,ACT,Mrs,38,TRUE
387,Silvanus,Kubczak,Australia,Māori,Male,NSW,Ms,92,FALSE
388,Rand,Cattermoul,Australia,Guaraní,Male,WA,Ms,39,TRUE
389,Rodrick,Cantopher,Australia,Catalan,Male,ACT,Honorable,56,FALSE
390,Darrick,Stiant,Australia,Malagasy,Male,NSW,Dr,98,FALSE
391,Donelle,Koeppke,Australia,Tamil,Female,WA,Mrs,49,FALSE
392,Hershel,Domoney,Australia,Romanian,Male,VIC,Mr,96,TRUE
393,Ronald,Wreight,Australia,Malagasy,Male,ACT,Mr,81,FALSE
394,Normie,Vivians,Australia,Kyrgyz,Male,WA,Mr,27,FALSE
395,Brittni,Coldman,Australia,Italian,Female,NSW,Mrs,75,TRUE
396,Ransom,Crookes,Australia,Japanese,Male,WA,Rev,3,TRUE
397,Saunderson,Lappin,Australia,Danish,Male,NSW,Mr,14,FALSE
398,Hubert,Faas,Australia,Tetum,Male,TAS,Honorable,27,FALSE
399,Marshal,Clayton,Australia,Guaraní,Male,NSW,Honorable,17,FALSE
400,Peg,Khan,Australia,Finnish,Female,NSW,Honorable,5,TRUE
401,Gwen,Mannooch,Australia,Norwegian,Female,WA,Mrs,66,FALSE
402,Gertie,Hinsch,Australia,Moldovan,Female,TAS,Honorable,24,TRUE
403,Humfrid,Davitashvili,Australia,Tok Pisin,Male,TAS,Dr,41,TRUE
404,Terrill,Tattershaw,Australia,Pashto,Male,VIC,Dr,9,FALSE
405,Carny,Loudiane,Australia,Portuguese,Male,TAS,Dr,70,FALSE
406,Thedric,Prescote,Australia,Lao,Male,SA,Rev,77,TRUE
407,Avram,Munks,Australia,Tamil,Male,NSW,Rev,65,FALSE
408,Muffin,Foulis,Australia,Italian,Male,TAS,Honorable,36,TRUE
409,Hansiain,Addlestone,Australia,Greek,Male,SA,Dr,58,FALSE
410,Lora,Kleynen,Australia,Nepali,Female,NSW,Ms,56,TRUE
411,Jayme,Ginsie,Australia,Italian,Male,SA,Honorable,57,TRUE
412,Rad,Neeves,Australia,Moldovan,Male,TAS,Mr,87,FALSE
413,Michelle,Younie,Australia,Kazakh,Female,NSW,Mrs,71,FALSE
414,Caresse,Asif,Australia,Fijian,Female,SA,Dr,72,FALSE
415,Arlina,Woolstenholmes,Australia,Bengali,Female,NSW,Rev,76,FALSE
416,Cam,O' Donohue,Australia,Thai,Male,TAS,Dr,17,TRUE
417,Marris,Durrett,Australia,Lithuanian,Female,NSW,Rev,97,TRUE
418,Kassey,Attril,Australia,Malagasy,Female,SA,Dr,69,FALSE
419,Laureen,McIlwreath,Australia,Bulgarian,Female,NSW,Dr,99,TRUE
420,Ewell,McKiernan,Australia,Kazakh,Male,NSW,Ms,66,FALSE
421,Dominick,Yurchenko,Australia,Filipino,Male,NSW,Honorable,3,FALSE
422,Clary,Doulton,Australia,Macedonian,Female,TAS,Mr,89,FALSE
423,Dolf,Bolingbroke,Australia,Quechua,Male,NSW,Dr,63,TRUE
424,Sallyanne,Burhouse,Australia,Sotho,Female,TAS,Mrs,89,FALSE
425,Willamina,Wearn,Australia,Icelandic,Female,WA,Rev,53,FALSE
426,Hasty,MacGuffog,Australia,Irish Gaelic,Male,NSW,Mrs,31,FALSE
427,Cordy,Overbury,Australia,Haitian Creole,Female,WA,Mr,99,TRUE
428,Jefferson,Figgen,Australia,Lithuanian,Male,QLD,Honorable,47,FALSE
429,Kellsie,Mandell,Australia,Tetum,Female,NSW,Dr,54,FALSE
430,Kary,Harbin,Australia,Bulgarian,Female,NSW,Mr,85,TRUE
431,Malvina,Tattoo,Australia,Guaraní,Female,TAS,Rev,11,TRUE
432,Tallie,Wycliffe,Australia,Estonian,Female,NSW,Rev,98,TRUE
433,Silvano,Urry,Australia,Kurdish,Male,TAS,Dr,13,FALSE
434,Rachele,Tidd,Australia,Finnish,Female,NSW,Dr,21,FALSE
435,Jose,Summerley,Australia,Malay,Male,SA,Mr,89,FALSE
436,Tadeas,Brockie,Australia,Lithuanian,Male,NSW,Ms,95,TRUE
437,Any,Semered,Australia,Somali,Male,NSW,Mr,23,TRUE
438,Kellie,Keddey,Australia,French,Female,NSW,Ms,39,TRUE
439,Andeee,Condell,Australia,Danish,Female,NSW,Dr,50,FALSE
440,Rodolfo,Georges,Australia,Latvian,Male,TAS,Dr,57,TRUE
441,Tonnie,Wyman,Australia,Bosnian,Male,NSW,Mr,83,FALSE
442,Thayne,Dell Casa,Australia,Dutch,Male,NSW,Mrs,51,TRUE
443,Phoebe,Tomasek,Australia,Marathi,Female,NSW,Rev,50,TRUE
444,Ardith,Blagburn,Australia,Tetum,Female,NSW,Ms,12,TRUE
445,Ennis,Hicken,Australia,Armenian,Male,NSW,Honorable,21,FALSE
446,Fayette,Porkiss,Australia,Lithuanian,Female,SA,Mr,17,FALSE
447,Saxon,Braunroth,Australia,Irish Gaelic,Male,NSW,Dr,82,FALSE
448,Correy,Barbie,Australia,Dutch,Female,NSW,Ms,36,FALSE
449,Way,Freshwater,Australia,Danish,Male,NSW,Ms,68,TRUE
450,Pete,Buxsey,Australia,Azeri,Male,NSW,Rev,56,FALSE
451,Cindee,Boutcher,Australia,Azeri,Female,SA,Rev,70,TRUE
452,Kippy,Weigh,Australia,Burmese,Male,NSW,Dr,66,FALSE
453,Penny,Clynter,Australia,Norwegian,Male,NSW,Honorable,73,FALSE
454,Finlay,Reichardt,Australia,Finnish,Male,NSW,Mr,47,TRUE
455,Ottilie,Tabor,Australia,Dari,Female,NSW,Mr,84,TRUE
456,Delcina,Willstrop,Australia,Ndebele,Female,SA,Mrs,23,FALSE
457,Quintin,Coolahan,Australia,English,Male,QLD,Mr,14,FALSE
458,Jackson,Haack,Australia,Spanish,Male,NSW,Ms,37,FALSE
459,Ethelred,Gammage,Australia,Kurdish,Male,NSW,Ms,82,FALSE
460,Katha,Burnand,Australia,Māori,Female,NSW,Mr,91,TRUE
461,Renelle,Blowfelde,Australia,Icelandic,Female,NSW,Ms,60,TRUE
462,Gloriana,Hannaford,Australia,Arabic,Female,NSW,Ms,18,FALSE
463,Greer,Mullally,Australia,Marathi,Female,VIC,Mrs,34,FALSE
464,Foss,Lantaph,Australia,Dhivehi,Male,NSW,Dr,86,FALSE
465,Adan,Fouracres,Australia,Kashmiri,Female,TAS,Mrs,62,FALSE
466,Tate,Winstone,Australia,Greek,Male,NSW,Mr,21,TRUE
467,Eliza,Licari,Australia,Arabic,Female,NSW,Mrs,66,TRUE
468,Garrek,Haffner,Australia,Pashto,Male,QLD,Rev,57,TRUE
469,Harland,Londesborough,Australia,Zulu,Male,VIC,Mr,2,FALSE
470,Emmery,Vasyukhichev,Australia,Swati,Male,VIC,Mrs,33,TRUE
471,Goran,Fassbindler,Australia,Belarusian,Male,SA,Honorable,5,TRUE
472,Gerry,Pallister,Australia,Croatian,Female,NSW,Honorable,85,TRUE
473,Emmi,McDugal,Australia,Bosnian,Female,NSW,Honorable,31,TRUE
474,Andonis,Roder,Australia,Telugu,Male,NSW,Mr,96,FALSE
475,Selina,Bernt,Australia,Lithuanian,Female,SA,Ms,76,FALSE
476,Rozamond,Mulqueeny,Australia,Lao,Female,NSW,Rev,79,FALSE
477,Aurthur,Poles,Australia,Belarusian,Male,NSW,Rev,95,FALSE
478,Adolpho,Oldford,Australia,Italian,Male,NSW,Mr,23,TRUE
479,Cynde,Esh,Australia,Czech,Female,SA,Ms,52,FALSE
480,Truman,Juara,Australia,Latvian,Male,NSW,Mrs,18,FALSE
481,Barri,Ettles,Australia,Bengali,Male,TAS,Honorable,9,FALSE
482,Greta,Goude,Australia,Gujarati,Female,NSW,Honorable,71,FALSE
483,Bailey,Labusch,Australia,Croatian,Male,WA,Dr,4,FALSE
484,Westbrook,Conradie,Australia,Norwegian,Male,NSW,Mrs,14,FALSE
485,Hatty,Lobe,Australia,Guaraní,Female,NSW,Mrs,53,TRUE
486,Valina,Finders,Australia,Persian,Female,SA,Mr,44,FALSE
487,Giusto,Swadden,Australia,Kazakh,Male,VIC,Mrs,26,FALSE
488,Noe,Soden,Australia,Kyrgyz,Male,NSW,Dr,46,TRUE
489,Yolanthe,Seeley,Australia,Swedish,Female,VIC,Honorable,74,TRUE
490,Tracie,Blofield,Australia,Norwegian,Male,TAS,Mrs,38,TRUE
491,Evy,Umpleby,Australia,New Zealand Sign Language,Female,NSW,Mr,65,TRUE
492,Newton,Geddis,Australia,Papiamento,Male,SA,Rev,18,TRUE
493,Bobbie,Wathen,Australia,Tetum,Male,NSW,Mrs,60,FALSE
494,Shelba,Gilhespy,Australia,Maltese,Female,SA,Mrs,100,TRUE
495,Belle,Vuitte,Australia,Swati,Female,NSW,Dr,86,TRUE
496,Corabel,Wheatman,Australia,Gujarati,Female,NSW,Rev,48,TRUE
497,Joella,Boshere,Australia,Mongolian,Female,WA,Mrs,60,FALSE
498,Emelia,Elintune,Australia,Hindi,Female,NSW,Rev,76,FALSE
499,Delly,Lafayette,Australia,Lao,Female,NSW,Ms,61,TRUE
500,Merna,Mutter,Australia,Hungarian,Female,NSW,Ms,13,FALSE
501,Horace,Rentilll,Australia,Hiri Motu,Female,NSW,Mr,95,TRUE
502,Zack,Angeli,Australia,Indonesian,Male,WA,Mr,69,TRUE
503,Dav,Wittke,Australia,Oriya,Male,TAS,Rev,35,FALSE
504,Edgard,Birkmyre,Australia,Kashmiri,Male,NSW,Mrs,92,FALSE
505,Albie,Sharrard,Australia,Tamil,Male,NSW,Honorable,73,TRUE
506,Towney,Sandcraft,Australia,Zulu,Male,SA,Dr,7,FALSE
507,Reilly,Slides,Australia,Armenian,Male,NSW,Honorable,91,TRUE
508,Flin,Burne,Australia,New Zealand Sign Language,Male,QLD,Mr,74,FALSE
509,Nixie,Robilliard,Australia,German,Female,NSW,Mr,61,FALSE
510,Giselle,Bygrove,Australia,Marathi,Female,NSW,Mrs,72,FALSE
511,Nickey,Mehaffey,Australia,Kyrgyz,Male,QLD,Rev,45,FALSE
512,Stevy,Foskew,Australia,Assamese,Male,NSW,Dr,72,TRUE
513,Antone,Smithson,Australia,Norwegian,Male,NSW,Ms,94,FALSE
514,Gerri,Axcell,Australia,Moldovan,Male,WA,Mr,23,FALSE
515,Axel,Tapscott,Australia,Guaraní,Male,QLD,Rev,79,FALSE
516,Katherine,Batterbee,Australia,Tajik,Female,TAS,Dr,2,TRUE
517,Aguistin,Roberti,Australia,Burmese,Male,WA,Honorable,78,FALSE
518,Bard,Maffi,Australia,Greek,Male,NSW,Dr,40,TRUE
519,Quent,Hatcliffe,Australia,Hungarian,Male,WA,Mrs,61,TRUE
520,Hermann,Coverley,Australia,Maltese,Male,NSW,Ms,3,TRUE
521,Gran,Bellocht,Australia,Montenegrin,Male,NSW,Mrs,80,TRUE
522,Bertrand,Baskeyfield,Australia,New Zealand Sign Language,Male,WA,Mrs,53,FALSE
523,Martin,Clarridge,Australia,Moldovan,Male,NSW,Ms,16,TRUE
524,Lombard,Merrigan,Australia,Swahili,Male,NSW,Mr,7,TRUE
525,Carmelle,Ravenscraft,Australia,Somali,Female,NSW,Mr,62,FALSE
526,Amaleta,Sizey,Australia,Tok Pisin,Female,NSW,Mrs,48,FALSE
527,Janeva,Rumin,Australia,Haitian Creole,Female,NSW,Dr,23,TRUE
528,Eugine,Hounsham,Australia,Korean,Female,NSW,Mr,46,FALSE
529,Lindsey,Turbard,Australia,Afrikaans,Female,NSW,Mrs,90,FALSE
530,Marvin,Milham,Australia,Romanian,Male,NSW,Ms,14,TRUE
531,Gerardo,Stotherfield,Australia,Māori,Male,NSW,Ms,53,FALSE
532,Gerladina,Lemery,Australia,Norwegian,Female,VIC,Dr,2,TRUE
533,Mona,Bosomworth,Australia,Malayalam,Female,TAS,Mrs,34,FALSE
534,Nick,Hedgecock,Australia,Haitian Creole,Male,NSW,Mr,39,TRUE
535,Darcey,MacPadene,Australia,Polish,Female,NSW,Ms,21,FALSE
536,Dav,Pearman,Australia,Swahili,Male,NSW,Ms,18,TRUE
537,Kendell,Scading,Australia,Korean,Male,NSW,Dr,77,FALSE
538,Lyssa,Christy,Australia,Montenegrin,Female,TAS,Mr,13,TRUE
539,Yoko,Ivakhin,Australia,Danish,Female,NSW,Rev,41,FALSE
540,Easter,Penddreth,Australia,Tetum,Female,NSW,Honorable,56,TRUE
541,Willy,Shreenan,Australia,Czech,Female,NSW,Ms,82,TRUE
542,Marlowe,Calcraft,Australia,Persian,Male,SA,Mr,3,TRUE
543,Rickert,Tideswell,Australia,Norwegian,Male,NSW,Dr,92,TRUE
544,Lindsay,Devo,Australia,Icelandic,Male,NSW,Honorable,77,FALSE
545,Alister,Ahmed,Australia,Persian,Male,NSW,Honorable,19,FALSE
546,Esteban,Stearn,Australia,Icelandic,Male,NSW,Dr,56,FALSE
547,Alisander,Hudspith,Australia,Pashto,Male,NSW,Honorable,84,TRUE
548,Marlin,Partington,Australia,Maltese,Male,SA,Ms,87,FALSE
549,Remy,Grishagin,Australia,Chinese,Female,NSW,Honorable,28,TRUE
550,Arabella,Capeling,Australia,Malayalam,Female,NSW,Mr,12,TRUE
551,Cart,Godfree,Australia,Māori,Male,NSW,Honorable,21,FALSE
552,Felike,Cramp,Australia,Aymara,Male,NSW,Dr,36,TRUE
553,Hilda,MacDaid,Australia,Nepali,Female,NSW,Honorable,20,TRUE
554,Sarine,Bell,Australia,Malayalam,Female,NSW,Mr,79,TRUE
555,Ware,Brindley,Australia,Bengali,Male,SA,Mrs,81,TRUE
556,Shana,Wheal,Australia,Tetum,Female,NSW,Rev,87,FALSE
557,Lenci,Cuttin,Australia,Kannada,Male,NSW,Honorable,42,FALSE
558,Abagael,Wilcot,Australia,Dutch,Female,VIC,Dr,54,FALSE
559,Brandy,Mettericke,Australia,Swahili,Female,TAS,Rev,62,TRUE
560,Weber,Bottleson,Australia,Moldovan,Male,VIC,Rev,52,TRUE
561,Smith,Guidoni,Australia,Kurdish,Male,NSW,Mrs,67,FALSE
562,Kaye,Walduck,Australia,Chinese,Female,NSW,Ms,81,FALSE
563,Mendel,Adkin,Australia,Tajik,Male,NSW,Dr,3,FALSE
564,Lion,Pieroni,Australia,Māori,Male,NSW,Dr,1,FALSE
565,Averyl,Murrow,Australia,French,Female,NSW,Mrs,66,FALSE
566,Allen,Gouch,Australia,Nepali,Male,TAS,Ms,11,TRUE
567,Nicolas,Begg,Australia,Sotho,Male,NSW,Honorable,54,FALSE
568,Janice,Blaker,Australia,Bengali,Female,SA,Mrs,30,FALSE
569,Luis,Blanche,Australia,Māori,Male,SA,Dr,48,TRUE
570,Carson,Cuzen,Australia,Bosnian,Male,NSW,Dr,75,TRUE
571,Roanna,Clow,Australia,Bengali,Female,SA,Mrs,89,TRUE
572,Tait,Postgate,Australia,Swahili,Male,NSW,Mrs,39,FALSE
573,Burr,Jzak,Australia,Afrikaans,Male,SA,Mrs,90,FALSE
574,Bessie,Gallienne,Australia,Burmese,Female,NSW,Rev,1,FALSE
575,Aube,Rozier,Australia,Punjabi,Male,TAS,Dr,22,TRUE
576,Ardyth,Jepson,Australia,Polish,Female,NSW,Dr,76,FALSE
577,Jaquenetta,Burnsides,Australia,Assamese,Female,TAS,Honorable,42,TRUE
578,Liva,Winsbury,Australia,Norwegian,Female,TAS,Ms,53,TRUE
579,Robinett,Constance,Australia,Zulu,Female,NSW,Rev,17,FALSE
580,Deb,Semiras,Australia,Tajik,Female,NSW,Ms,73,TRUE
581,Adolphus,Hearson,Australia,Haitian Creole,Male,NSW,Dr,34,TRUE
582,Charo,Greig,Australia,Malayalam,Female,NSW,Ms,79,TRUE
583,Janetta,Prigg,Australia,Tsonga,Female,NSW,Mr,9,TRUE
584,Lesya,Adanez,Australia,Bosnian,Female,NSW,Honorable,73,TRUE
585,Dorey,Eshmade,Australia,Burmese,Female,NSW,Honorable,5,FALSE
586,Isak,Beechcraft,Australia,Tsonga,Male,SA,Mr,99,FALSE
587,Mart,Dominichelli,Australia,German,Male,TAS,Mrs,18,FALSE
588,Daven,Okeshott,Australia,Lao,Male,NSW,Mrs,76,FALSE
589,Ebenezer,Osipov,Australia,Bulgarian,Male,TAS,Mr,37,TRUE
590,Hubert,Hayes,Australia,Hebrew,Male,NSW,Mr,100,TRUE
591,Lenee,Guppy,Australia,Latvian,Female,SA,Dr,52,TRUE
592,Blayne,Whenham,Australia,Khmer,Male,NSW,Rev,57,TRUE
593,Ferris,Antrack,Australia,Gujarati,Male,TAS,Ms,29,TRUE
594,Keven,Robelin,Australia,Indonesian,Male,VIC,Ms,94,FALSE
595,Miguela,Dootson,Australia,Zulu,Female,NSW,Honorable,40,FALSE
596,Selia,Pierro,Australia,Moldovan,Female,TAS,Dr,75,TRUE
597,Celia,Filde,Australia,Hindi,Female,NSW,Rev,54,TRUE
598,Brook,McEniry,Australia,Persian,Male,NSW,Mr,81,TRUE
599,Clayson,Wylam,Australia,Kashmiri,Male,NSW,Dr,91,TRUE
600,Zacharia,Broose,Australia,Kannada,Male,NSW,Ms,86,TRUE
601,Isador,Korejs,Australia,Irish Gaelic,Male,VIC,Honorable,17,FALSE
602,Alic,Desmond,Australia,Dari,Male,NSW,Mr,1,FALSE
603,Gratia,Feek,Australia,Chinese,Female,NSW,Honorable,5,FALSE
604,Meara,Jeannet,Australia,Yiddish,Female,NSW,Honorable,96,FALSE
605,Ravid,Laborde,Australia,Estonian,Male,SA,Ms,97,FALSE
606,Holly,Smitham,Australia,Polish,Male,NSW,Mrs,14,TRUE
607,Robyn,Galsworthy,Australia,Albanian,Female,NSW,Mr,30,TRUE
608,Salvatore,Morgans,Australia,Zulu,Male,NSW,Mrs,31,FALSE
609,Grady,O'Hartigan,Australia,Hindi,Male,NSW,Dr,14,TRUE
610,Joletta,Cambridge,Australia,Nepali,Female,VIC,Mr,46,FALSE
611,Dedie,Cummings,Australia,Italian,Female,NSW,Honorable,5,TRUE
612,Dalt,Lody,Australia,Tajik,Male,VIC,Mr,50,TRUE
613,Flori,Stobbart,Australia,Pashto,Female,NSW,Honorable,84,FALSE
614,Burke,Landes,Australia,Thai,Male,NSW,Rev,73,FALSE
615,Ferdy,Kleinhausen,Australia,Malagasy,Male,VIC,Honorable,92,FALSE
616,Sancho,Purveys,Australia,Irish Gaelic,Male,WA,Dr,11,TRUE
617,Fleming,Toupe,Australia,Korean,Male,NSW,Mr,74,TRUE
618,Lusa,Dearl,Australia,Finnish,Female,NSW,Rev,89,TRUE
619,Shawna,Balentyne,Australia,Italian,Female,WA,Mr,58,FALSE
620,Dolores,Brant,Australia,Kashmiri,Female,NSW,Dr,35,TRUE
621,Joli,Duckett,Australia,Gujarati,Female,NSW,Mrs,54,FALSE
622,Nikkie,Klugel,Australia,Croatian,Female,NSW,Rev,49,TRUE
623,Boyce,Skipper,Australia,Kashmiri,Male,NSW,Rev,52,FALSE
624,Don,Cowgill,Australia,Georgian,Male,WA,Rev,58,TRUE
625,Sybila,Martschke,Australia,Tswana,Female,SA,Mr,44,FALSE
626,Ilyssa,Abriani,Australia,Croatian,Female,TAS,Mr,14,FALSE
627,Aliza,Balcombe,Australia,Indonesian,Female,NSW,Honorable,19,FALSE
628,Venita,Markie,Australia,Latvian,Female,WA,Ms,11,FALSE
629,Aurie,Turnbull,Australia,Tetum,Female,SA,Mrs,55,TRUE
630,Burgess,Redington,Australia,Kyrgyz,Male,SA,Honorable,22,TRUE
631,Orin,MacNaughton,Australia,Tswana,Male,NSW,Rev,91,TRUE
632,Tucker,Britland,Australia,Zulu,Male,SA,Ms,75,FALSE
633,Malory,Rickett,Australia,Zulu,Female,NSW,Dr,90,TRUE
634,Case,D' Angelo,Australia,Burmese,Male,NSW,Ms,30,FALSE
635,Liam,Issacof,Australia,West Frisian,Male,NSW,Rev,75,TRUE
636,Silvana,Dimitrijevic,Australia,Czech,Female,TAS,Ms,67,TRUE
637,Gianna,Bacher,Australia,Kazakh,Female,NSW,Honorable,44,FALSE
638,Rosy,Trever,Australia,Yiddish,Female,VIC,Mrs,72,FALSE
639,Simona,Eringey,Australia,Japanese,Female,NSW,Honorable,61,TRUE
640,Janela,Ower,Australia,Malayalam,Female,QLD,Dr,51,FALSE
641,Wilt,Sandbrook,Australia,German,Male,NSW,Ms,21,TRUE
642,Rodolphe,Duchant,Australia,Kurdish,Male,NSW,Ms,47,FALSE
643,Marji,Fawson,Australia,English,Female,NSW,Honorable,62,FALSE
644,Carly,Pardy,Australia,Lithuanian,Female,NSW,Mrs,100,TRUE
645,Goldarina,Duprey,Australia,Quechua,Female,VIC,Honorable,96,TRUE
646,Zoe,Tonge,Australia,Spanish,Female,SA,Dr,25,FALSE
647,Tracy,Landor,Australia,Oriya,Male,NSW,Ms,8,FALSE
648,Chery,Blasius,Australia,Malay,Female,TAS,Honorable,21,TRUE
649,Natka,Delyth,Australia,Haitian Creole,Female,SA,Dr,1,TRUE
650,Maura,Bows,Australia,Indonesian,Female,NSW,Honorable,96,FALSE
651,Allys,Grebert,Australia,Bislama,Female,NSW,Mrs,92,FALSE
652,Jaymee,Selliman,Australia,Hungarian,Female,NSW,Honorable,87,TRUE
653,Teodor,Easton,Australia,Thai,Male,NSW,Honorable,82,FALSE
654,Evonne,Kingsley,Australia,Irish Gaelic,Female,TAS,Mrs,20,FALSE
655,Miquela,Skiggs,Australia,Icelandic,Female,NSW,Dr,59,TRUE
656,Ripley,Yeiles,Australia,Punjabi,Male,NSW,Mr,19,FALSE
657,Polly,Baddoe,Australia,Dhivehi,Female,SA,Rev,67,FALSE
658,Jecho,Isaq,Australia,Bulgarian,Male,NSW,Mr,12,TRUE
659,Constantino,Cody,Australia,Tamil,Male,NSW,Mr,57,TRUE
660,Dorian,Strowan,Australia,Guaraní,Female,TAS,Rev,7,TRUE
661,Lucien,Kynastone,Australia,Indonesian,Male,VIC,Honorable,17,FALSE
662,Bernadette,Blackboro,Australia,Bulgarian,Female,NSW,Dr,61,TRUE
663,Matti,Ties,Australia,Portuguese,Female,NSW,Dr,36,FALSE
664,Neel,Beedom,Australia,Japanese,Male,SA,Rev,22,TRUE
665,Antonius,Grisard,Australia,Hungarian,Male,SA,Mr,1,TRUE
666,Kalil,McInnery,Australia,Czech,Male,NSW,Mrs,20,TRUE
667,Tiebout,Yesinov,Australia,Azeri,Male,WA,Rev,100,FALSE
668,Noami,Gomme,Australia,Bosnian,Female,WA,Rev,39,TRUE
669,Rosie,Heinle,Australia,Kannada,Female,TAS,Rev,88,FALSE
670,Stevy,Neicho,Australia,Indonesian,Male,VIC,Honorable,77,FALSE
671,Sondra,Whyborn,Australia,Tetum,Female,NSW,Mr,20,FALSE
672,Omar,Jocic,Australia,Icelandic,Male,NSW,Mr,34,FALSE
673,Forbes,Mellish,Australia,Dutch,Male,NSW,Ms,36,FALSE
674,Emanuele,Baybutt,Australia,Romanian,Male,VIC,Rev,80,FALSE
675,Lesya,Scaysbrook,Australia,Sotho,Female,NSW,Rev,6,TRUE
676,Philippine,Jiru,Australia,Catalan,Female,NSW,Mrs,52,FALSE
677,Ashia,Francesco,Australia,Macedonian,Female,NSW,Mrs,18,FALSE
678,Malena,Prigg,Australia,Moldovan,Female,SA,Mr,70,TRUE
679,Brittney,Hillaby,Australia,Malay,Female,VIC,Mrs,55,FALSE
680,Michaeline,Eastmead,Australia,Indonesian,Female,NSW,Rev,45,TRUE
681,Robinia,Stealfox,Australia,Somali,Female,NSW,Ms,75,TRUE
682,Missy,Wilder,Australia,Estonian,Female,NSW,Ms,70,FALSE
683,Julietta,Bolton,Australia,French,Female,TAS,Ms,42,TRUE
684,Carolee,Ramos,Australia,Kannada,Female,NSW,Rev,64,FALSE
685,Lesley,Brokenbrow,Australia,Māori,Female,NSW,Mr,62,FALSE
686,Thaxter,Laydel,Australia,Guaraní,Male,NSW,Honorable,52,FALSE
687,Benjamen,Penn,Australia,Tetum,Male,NSW,Honorable,60,FALSE
688,Bradney,Binner,Australia,Fijian,Male,NSW,Mr,30,TRUE
689,Adamo,Persent,Australia,Spanish,Male,NSW,Honorable,24,FALSE
690,Leo,Brownscombe,Australia,Mongolian,Male,WA,Mr,9,FALSE
691,Lacy,Stallworthy,Australia,Dzongkha,Female,NSW,Mr,66,TRUE
692,Teador,Buckie,Australia,Bulgarian,Male,QLD,Honorable,11,TRUE
693,Rolph,Henrichs,Australia,Papiamento,Male,SA,Mr,61,TRUE
694,Augustin,Juan,Australia,Persian,Male,SA,Mr,27,FALSE
695,Rosalyn,Desaur,Australia,Kyrgyz,Female,NSW,Rev,22,FALSE
696,Revkah,McCraw,Australia,Croatian,Female,ACT,Mr,76,FALSE
697,Heywood,De Hooge,Australia,Japanese,Male,NSW,Mrs,66,TRUE
698,Willi,Barge,Australia,Hindi,Female,NSW,Mr,78,FALSE
699,Yvonne,Nye,Australia,Oriya,Female,NSW,Mrs,25,TRUE
700,Gabriellia,Wilshin,Australia,Chinese,Female,TAS,Dr,39,FALSE
701,Merrill,Cadore,Australia,Filipino,Female,NSW,Dr,45,TRUE
702,Judas,Noe,Australia,Macedonian,Male,SA,Dr,83,FALSE
703,Teador,Lyffe,Australia,Finnish,Male,NSW,Honorable,29,TRUE
704,Juliann,Tribble,Australia,New Zealand Sign Language,Female,ACT,Ms,73,FALSE
705,Lavina,Capps,Australia,Marathi,Female,SA,Honorable,97,FALSE
706,Keith,Reignould,Australia,Tetum,Male,NSW,Rev,42,TRUE
707,Mordecai,Billanie,Australia,Arabic,Male,ACT,Rev,95,TRUE
708,Leeanne,Brende,Australia,Kashmiri,Female,SA,Mrs,29,TRUE
709,Micaela,Gonzalo,Australia,Gagauz,Female,ACT,Mr,22,FALSE
710,Ardene,McGill,Australia,Estonian,Female,NSW,Mrs,86,TRUE
711,Maighdiln,Popham,Australia,Oriya,Female,TAS,Dr,48,TRUE
712,Marcello,Eyton,Australia,Polish,Male,NSW,Mr,29,TRUE
713,Birch,Erb,Australia,Arabic,Male,NSW,Rev,11,TRUE
714,Page,Goude,Australia,Tetum,Female,NSW,Rev,9,TRUE
715,Madeline,Faulo,Australia,Greek,Female,NSW,Rev,70,TRUE
716,Zebulen,Bunson,Australia,Estonian,Male,NSW,Rev,6,TRUE
717,Jemima,Petera,Australia,Tsonga,Female,NSW,Rev,66,TRUE
718,Haily,Labes,Australia,Moldovan,Male,NSW,Mr,46,FALSE
719,Virgie,Hasling,Australia,Kazakh,Female,NSW,Mrs,42,FALSE
720,Hugibert,Morgan,Australia,Swedish,Male,NSW,Dr,38,TRUE
721,Cchaddie,Luebbert,Australia,Afrikaans,Male,NT,Rev,26,TRUE
722,Demetris,Iwanowicz,Australia,Portuguese,Male,NT,Mr,73,FALSE
723,Udell,Gilyott,Australia,Aymara,Male,NT,Mrs,33,TRUE
724,Piggy,Wonfar,Australia,Dhivehi,Male,VIC,Mrs,6,TRUE
725,Noam,Lording,Australia,Haitian Creole,Male,NSW,Mr,95,TRUE
726,Erika,Gulliver,Australia,Greek,Female,NSW,Rev,67,FALSE
727,Dallon,Crannage,Australia,Fijian,Male,VIC,Ms,42,FALSE
728,Skip,Swancock,Australia,Danish,Male,TAS,Honorable,55,FALSE
729,Sayers,Chasteney,Australia,Romanian,Male,SA,Dr,76,TRUE
730,Graeme,Casserly,Australia,Quechua,Male,VIC,Dr,87,TRUE
731,Natal,Davers,Australia,Japanese,Male,NSW,Honorable,80,TRUE
732,Gonzales,Leadbeatter,Australia,New Zealand Sign Language,Male,NSW,Honorable,13,FALSE
733,Nikoletta,Portlock,Australia,Romanian,Female,SA,Dr,66,FALSE
734,Shelden,Tilly,Australia,Northern Sotho,Male,NSW,Dr,39,TRUE
735,Paulita,Friberg,Australia,Indonesian,Female,NSW,Honorable,93,FALSE
736,Raphael,Boulde,Australia,Gujarati,Male,NSW,Rev,21,TRUE
737,Vonni,Mixture,Australia,Swedish,Female,NSW,Mrs,72,FALSE
738,Augustus,Perulli,Australia,New Zealand Sign Language,Male,SA,Rev,43,FALSE
739,Phil,Yurkiewicz,Australia,Dhivehi,Male,TAS,Honorable,54,TRUE
740,Robby,Wyeld,Australia,Tamil,Female,NSW,Mr,71,TRUE
741,Michaella,Oulner,Australia,Japanese,Female,VIC,Rev,22,FALSE
742,Evania,Matzel,Australia,Japanese,Female,NSW,Ms,56,FALSE
743,Nertie,McEneny,Australia,Guaraní,Female,QLD,Dr,76,FALSE
744,Renault,Sapir,Australia,Oriya,Male,SA,Rev,92,FALSE
745,Ham,Tolworthie,Australia,Finnish,Male,TAS,Mrs,35,FALSE
746,Valentina,Gorring,Australia,Oriya,Female,NSW,Honorable,63,TRUE
747,Florinda,Billanie,Australia,Lithuanian,Female,NSW,Dr,7,FALSE
748,Valida,Livett,Australia,Moldovan,Female,NSW,Dr,9,FALSE
749,Morgan,Rays,Australia,Spanish,Female,NSW,Honorable,66,TRUE
750,Alice,Rizzello,Australia,English,Female,NSW,Dr,98,TRUE
751,Cara,Jonuzi,Australia,Fijian,Female,NSW,Rev,3,TRUE
752,Joey,Lempel,Australia,Telugu,Male,TAS,Mr,21,TRUE
753,Fonzie,Wife,Australia,Tamil,Male,NSW,Rev,25,TRUE
754,Hermione,Gilby,Australia,Dhivehi,Female,VIC,Ms,57,FALSE
755,Harry,Stare,Australia,Finnish,Male,NSW,Rev,69,TRUE
756,Dimitry,Betteridge,Australia,Finnish,Male,TAS,Honorable,15,FALSE
757,Audy,Geane,Australia,Quechua,Female,SA,Rev,85,TRUE
758,Sayer,Yerbury,Australia,Armenian,Male,NSW,Ms,29,FALSE
759,Kaylil,Oldacre,Australia,Dari,Female,NSW,Mr,47,FALSE
760,Courtney,Longhurst,Australia,Korean,Male,WA,Rev,57,FALSE
761,Geno,Yanin,Australia,Māori,Male,NSW,Ms,59,FALSE
762,Roderic,Hodges,Australia,Amharic,Male,SA,Mr,68,TRUE
763,Izak,Stithe,Australia,Japanese,Male,SA,Dr,69,TRUE
764,Kenyon,Orford,Australia,New Zealand Sign Language,Male,SA,Mr,80,FALSE
765,Pierson,Dennant,Australia,Montenegrin,Male,NSW,Honorable,20,FALSE
766,Horace,Trewinnard,Australia,Kannada,Male,NSW,Mrs,1,TRUE
767,Lari,Tutchell,Australia,Kazakh,Female,VIC,Honorable,60,TRUE
768,Krissie,Ritmeyer,Australia,Malayalam,Female,SA,Mrs,91,TRUE
769,Beryle,Spieck,Australia,French,Female,QLD,Honorable,18,TRUE
770,Bobbie,Mercer,Australia,Khmer,Female,TAS,Honorable,66,TRUE
771,Jedediah,Manach,Australia,Georgian,Male,NSW,Mrs,60,FALSE
772,Hunt,Flowerden,Australia,Quechua,Male,NSW,Dr,69,TRUE
773,Janetta,Blackwell,Australia,Indonesian,Female,NSW,Rev,20,FALSE
774,Celestyna,Schankel,Australia,Gagauz,Female,WA,Mrs,88,TRUE
775,Niki,Sellar,Australia,Gujarati,Female,TAS,Dr,93,TRUE
776,Elia,Brodley,Australia,Kazakh,Male,NSW,Mr,33,FALSE
777,Georgie,Lackey,Australia,Tswana,Female,VIC,Ms,53,TRUE
778,Min,Rochester,Australia,English,Female,NSW,Mrs,15,TRUE
779,Kessia,Schreiner,Australia,Tamil,Female,SA,Ms,69,FALSE
780,Farleigh,Kiossel,Australia,French,Male,VIC,Rev,29,TRUE
781,Mile,Sallans,Australia,Estonian,Male,WA,Ms,50,TRUE
782,Debbi,McClay,Australia,Czech,Female,NSW,Mrs,38,FALSE
783,Sande,Epperson,Australia,Romanian,Female,NSW,Mr,76,FALSE
784,Corissa,Bristow,Australia,Tetum,Female,SA,Mrs,24,FALSE
785,North,Easdon,Australia,Māori,Male,TAS,Ms,30,FALSE
786,Parke,Sutter,Australia,Azeri,Male,NSW,Dr,61,TRUE
787,Millicent,Hacquel,Australia,Kyrgyz,Female,VIC,Mr,24,FALSE
788,Harold,Cattlemull,Australia,Swahili,Male,WA,Ms,20,TRUE
789,Mia,Burdell,Australia,Portuguese,Female,NT,Honorable,90,TRUE
790,Millard,Bricknell,Australia,Spanish,Male,NT,Mrs,44,FALSE
791,Davon,Delves,Australia,Indonesian,Male,VIC,Mr,55,TRUE
792,Morty,d' Eye,Australia,English,Male,NT,Mr,9,FALSE
793,Fina,Davidescu,Australia,Burmese,Female,TAS,Ms,95,FALSE
794,Ariella,Clayfield,Australia,Nepali,Female,NSW,Mrs,81,TRUE
795,Lizabeth,Bust,Australia,Dari,Female,NT,Mrs,100,TRUE
796,Timmy,Clamo,Australia,Aymara,Female,NSW,Ms,2,FALSE
797,Dodie,Father,Australia,Swati,Female,NSW,Dr,67,TRUE
798,Violette,Du Hamel,Australia,Moldovan,Female,NSW,Honorable,6,FALSE
799,Berti,Manhood,Australia,Macedonian,Male,NSW,Mr,95,FALSE
800,Korella,Judson,Australia,Italian,Female,NSW,Honorable,32,TRUE
801,Odilia,Henriksson,Australia,Macedonian,Female,NSW,Honorable,49,FALSE
802,Brinna,Godfree,Australia,Kannada,Female,TAS,Mrs,55,FALSE
803,Lamont,Karolovsky,Australia,Persian,Male,NSW,Honorable,89,FALSE
804,Cynthia,Gilhouley,Australia,Aymara,Female,WA,Ms,62,FALSE
805,Lanna,Rosoni,Australia,Telugu,Female,SA,Rev,50,TRUE
806,Lockwood,Trenear,Australia,Japanese,Male,NSW,Mr,37,TRUE
807,Anett,Gawne,Australia,Kyrgyz,Female,NSW,Honorable,95,TRUE
808,Marjy,Mallon,Australia,Macedonian,Female,SA,Rev,51,FALSE
809,Tonnie,Mazzilli,Australia,Tok Pisin,Male,NSW,Mrs,66,TRUE
810,Derek,Jozsa,Australia,New Zealand Sign Language,Male,SA,Mrs,83,TRUE
811,Corrianne,Dunne,Australia,Gujarati,Female,SA,Mrs,97,TRUE
812,Willdon,Kindon,Australia,Malay,Male,NSW,Honorable,64,TRUE
813,Robyn,Pimmocke,Australia,Mongolian,Female,WA,Mrs,51,TRUE
814,Welch,Nelle,Australia,Bislama,Male,NSW,Ms,15,TRUE
815,Kelwin,Ovid,Australia,Hebrew,Male,NSW,Mrs,71,TRUE
816,Edouard,Cromett,Australia,Armenian,Male,NSW,Mr,58,TRUE
817,Marcello,Sirr,Australia,Burmese,Male,NSW,Mr,23,FALSE
818,Fax,Askew,Australia,Khmer,Male,NSW,Ms,82,FALSE
819,Jamie,Pashan,Australia,Tetum,Female,NSW,Mr,14,TRUE
820,Gertruda,Feron,Australia,Luxembourgish,Female,TAS,Ms,70,TRUE
821,Rivi,Astlet,Australia,Kazakh,Female,NSW,Mrs,54,FALSE
822,Ariadne,Ruslin,Australia,Catalan,Female,NSW,Mrs,45,FALSE
823,Neille,Blaschke,Australia,Tamil,Female,NSW,Rev,96,TRUE
824,Latrina,Triggel,Australia,Fijian,Female,WA,Honorable,84,FALSE
825,Piper,Aberchirder,Australia,Tsonga,Female,NSW,Honorable,18,FALSE
826,Ami,Hanmore,Australia,Kurdish,Female,NSW,Rev,65,FALSE
827,Durand,Josifovitz,Australia,Burmese,Male,NSW,Ms,38,FALSE
828,Renie,Kynston,Australia,Danish,Female,NSW,Mr,82,FALSE
829,Booth,Garratt,Australia,Sotho,Male,QLD,Ms,100,TRUE
830,Zared,Cutchee,Australia,Luxembourgish,Male,QLD,Mr,79,FALSE
831,Karylin,Keirl,Australia,Arabic,Female,NSW,Mr,49,FALSE
832,Constantine,Gladyer,Australia,Swati,Male,WA,Ms,84,TRUE
833,Celie,Carlick,Australia,Indonesian,Female,NSW,Dr,88,TRUE
834,Barbara,McComb,Australia,Afrikaans,Female,TAS,Mrs,48,FALSE
835,Kendal,Benard,Australia,Filipino,Male,NSW,Mrs,83,TRUE
836,Poppy,Bessant,Australia,Kannada,Female,TAS,Mr,73,FALSE
837,Gal,Mathys,Australia,Georgian,Male,NSW,Ms,38,FALSE
838,Griffith,Stoppard,Australia,Haitian Creole,Male,TAS,Mrs,93,TRUE
839,Kenneth,Mulqueeny,Australia,Malay,Male,SA,Mr,47,TRUE
840,Axel,Coleson,Australia,Hungarian,Male,NSW,Ms,95,FALSE
841,Rafe,Cabble,Australia,Tsonga,Male,NSW,Rev,58,FALSE
842,Tobye,Giacovetti,Australia,Kazakh,Female,WA,Dr,4,FALSE
843,Kalila,Casse,Australia,Malay,Female,NSW,Honorable,81,FALSE
844,Hulda,Minkin,Australia,West Frisian,Female,NSW,Honorable,30,TRUE
845,Ronny,Gregolin,Australia,Assamese,Female,QLD,Dr,69,TRUE
846,Elizabet,Stainson,Australia,Catalan,Female,NSW,Ms,9,FALSE
847,Regina,Halden,Australia,Norwegian,Female,QLD,Ms,84,TRUE
848,Merla,Enrich,Australia,Icelandic,Female,TAS,Dr,98,TRUE
849,Bryan,Hirschmann,Australia,Georgian,Male,TAS,Rev,89,TRUE
850,Lynde,Castleton,Australia,Hebrew,Female,NSW,Honorable,52,FALSE
851,Farleigh,Lawrey,Australia,Persian,Male,NSW,Rev,46,TRUE
852,Ferd,Ashbey,Australia,Haitian Creole,Male,NSW,Honorable,19,FALSE
853,Nicola,Dorsey,Australia,Kazakh,Male,SA,Rev,89,FALSE
854,Nolan,Botler,Australia,Hiri Motu,Male,SA,Ms,5,FALSE
855,Nari,Seman,Australia,Kannada,Female,NSW,Honorable,81,TRUE
856,Ryun,Minogue,Australia,Marathi,Male,SA,Dr,23,TRUE
857,Caritta,Huntly,Australia,Dari,Female,NSW,Dr,21,FALSE
858,Enrica,Gadaud,Australia,Arabic,Female,NSW,Mr,68,FALSE
859,Lorettalorna,Strugnell,Australia,Māori,Female,TAS,Rev,30,FALSE
860,Carly,Wilshere,Australia,Kannada,Female,NSW,Rev,68,FALSE
861,Ethyl,Bettlestone,Australia,Greek,Female,WA,Ms,54,FALSE
862,Yancey,Ballister,Australia,Norwegian,Male,NSW,Rev,53,TRUE
863,Booth,Elwel,Australia,Hiri Motu,Male,NSW,Ms,82,FALSE
864,Marika,Sheers,Australia,Filipino,Female,NSW,Rev,99,FALSE
865,Ulric,Paling,Australia,Somali,Male,NSW,Dr,84,TRUE
866,Ermanno,Entres,Australia,Dzongkha,Male,NSW,Mrs,42,TRUE
867,Estel,McMorran,Australia,Afrikaans,Female,NSW,Mrs,32,FALSE
868,Fiorenze,Fernao,Australia,Malay,Female,NSW,Mr,18,TRUE
869,Farra,Titley,Australia,Dari,Female,WA,Rev,1,FALSE
870,Micky,Kilbourn,Australia,Lithuanian,Male,SA,Rev,57,FALSE
871,Daffie,de Leon,Australia,Tetum,Female,NSW,Dr,30,FALSE
872,Ransell,Kirwin,Australia,Somali,Male,NSW,Ms,95,FALSE
873,Perri,Kiffin,Australia,Kannada,Female,TAS,Mr,100,FALSE
874,Jard,Cashin,Australia,Punjabi,Male,NSW,Rev,30,FALSE
875,Markos,Carr,Australia,Georgian,Male,NSW,Ms,6,TRUE
876,Tim,Peabody,Australia,Aymara,Male,NSW,Dr,57,FALSE
877,Ulysses,Hounihan,Australia,Albanian,Male,SA,Rev,18,FALSE
878,Frances,Abbado,Australia,Bislama,Female,NSW,Honorable,33,TRUE
879,Eolande,Yates,Australia,Papiamento,Female,NSW,Ms,98,FALSE
880,Vance,Leisman,Australia,French,Male,SA,Mrs,6,FALSE
881,Elvera,Fealey,Australia,Oriya,Female,NSW,Ms,63,TRUE
882,Daryl,Witherup,Australia,Armenian,Female,NSW,Rev,95,FALSE
883,Anita,Ghiraldi,Australia,Malay,Female,NSW,Mrs,56,TRUE
884,Ellene,Whyatt,Australia,Tsonga,Female,NSW,Mr,51,FALSE
885,Elfrida,Bohlin,Australia,Maltese,Female,TAS,Rev,62,TRUE
886,Liva,Nye,Australia,Icelandic,Female,VIC,Dr,33,FALSE
887,Abraham,Looks,Australia,Haitian Creole,Male,NSW,Rev,96,FALSE
888,Regan,Short,Australia,Danish,Male,NSW,Honorable,27,TRUE
889,Tobi,Galton,Australia,Spanish,Female,WA,Honorable,50,TRUE
890,Delmar,Kaspar,Australia,Estonian,Male,SA,Rev,66,FALSE
891,Bette-ann,O'Ferris,Australia,Tsonga,Female,NSW,Ms,62,TRUE
892,Ealasaid,Fonquernie,Australia,Māori,Female,SA,Dr,2,FALSE
893,Avie,Chagg,Australia,Norwegian,Female,SA,Mr,66,TRUE
894,Alasdair,Grimsley,Australia,Armenian,Male,NSW,Mrs,7,TRUE
895,Bartholomeo,Bruckman,Australia,Spanish,Male,SA,Ms,37,TRUE
896,Rutger,Antyshev,Australia,Northern Sotho,Male,WA,Rev,47,FALSE
897,Venita,MacVay,Australia,Zulu,Female,SA,Rev,43,FALSE
898,Linn,Pentlow,Australia,Tok Pisin,Male,NSW,Dr,77,FALSE
899,Shandeigh,Maudsley,Australia,Kazakh,Female,NSW,Dr,16,FALSE
900,Marga,Rodliff,Australia,Spanish,Female,NSW,Dr,37,FALSE
901,Emlen,Ratazzi,Australia,Portuguese,Male,NSW,Rev,7,FALSE
902,Magdaia,Brimming,Australia,Afrikaans,Female,NSW,Mr,76,FALSE
903,Dur,Breckenridge,Australia,Filipino,Male,NSW,Honorable,22,FALSE
904,Hugo,McPaike,Australia,Hiri Motu,Male,NSW,Ms,87,FALSE
905,Rubina,McGaugan,Australia,Finnish,Female,NSW,Ms,94,FALSE
906,Towny,Lyddon,Australia,Maltese,Male,VIC,Mrs,4,TRUE
907,Fay,Sellan,Australia,Dutch,Female,SA,Mrs,34,FALSE
908,Berke,Ferenc,Australia,Czech,Male,NSW,Rev,22,TRUE
909,Celine,Le Conte,Australia,Tok Pisin,Female,SA,Mrs,40,TRUE
910,Clemence,Ibbett,Australia,Armenian,Female,NSW,Dr,31,FALSE
911,Martyn,Whitsey,Australia,Dhivehi,Male,QLD,Rev,56,TRUE
912,Cristionna,Lynam,Australia,Lithuanian,Female,TAS,Rev,30,TRUE
913,Quentin,Genty,Australia,Kazakh,Male,NSW,Mrs,75,TRUE
914,Jay,Fipp,Australia,Arabic,Male,NSW,Ms,40,FALSE
915,Clair,Doxsey,Australia,Danish,Female,TAS,Ms,20,TRUE
916,Tommi,Sieghard,Australia,Armenian,Female,TAS,Honorable,43,FALSE
917,Pierce,Nobes,Australia,Hungarian,Male,NSW,Dr,63,FALSE
918,Levi,Grahlmans,Australia,Danish,Male,NSW,Honorable,96,FALSE
919,Alisha,Scinelli,Australia,Macedonian,Female,TAS,Mr,8,FALSE
920,Christina,Skip,Australia,Yiddish,Female,NSW,Dr,27,TRUE
921,Tamma,McCarrison,Australia,Montenegrin,Female,NSW,Dr,86,FALSE
922,Gerardo,Ruffli,Australia,Tswana,Male,NSW,Mrs,55,TRUE
923,Daniella,Prettyman,Australia,Danish,Female,NSW,Ms,47,TRUE
924,Nadiya,Litchmore,Australia,Ndebele,Female,NSW,Rev,73,FALSE
925,Rubie,Bissill,Australia,Armenian,Female,NSW,Honorable,59,FALSE
926,Cos,Barta,Australia,Malayalam,Male,NT,Ms,86,FALSE
927,Ethan,Aikman,Australia,Persian,Male,NT,Dr,18,FALSE
928,Delmer,O'Sirin,Australia,Lao,Male,NSW,Mr,64,FALSE
929,Trstram,Oxburgh,Australia,Latvian,Male,NT,Honorable,48,FALSE
930,Jermaine,Smorthit,Australia,Swahili,Female,NSW,Mr,73,FALSE
931,Wenona,Livingston,Australia,Bislama,Female,TAS,Rev,54,FALSE
932,Daffie,Bowyer,Australia,Tetum,Female,NT,Mr,10,FALSE
933,Mikol,O'Hearn,Australia,Dhivehi,Male,NT,Honorable,4,TRUE
934,Sher,Martschik,Australia,Japanese,Female,NSW,Dr,90,FALSE
935,Ellie,Hellwich,Australia,Somali,Female,NSW,Rev,46,FALSE
936,Blanche,Ferrini,Australia,Azeri,Female,SA,Honorable,41,FALSE
937,Clemens,Cardenoso,Australia,Finnish,Male,NSW,Honorable,43,FALSE
938,Michaeline,Briffett,Australia,Hiri Motu,Female,NSW,Rev,70,TRUE
939,Ramsay,Bluschke,Australia,Chinese,Male,NSW,Mr,98,TRUE
940,Udell,Du Barry,Australia,Malay,Male,NSW,Mrs,23,TRUE
941,Randolph,Hefner,Australia,Maltese,Male,NSW,Dr,57,TRUE
942,Joellen,Bullar,Australia,Kurdish,Female,TAS,Honorable,7,TRUE
943,Lief,Berkelay,Australia,Arabic,Male,NSW,Ms,76,FALSE
944,Ignace,Catanheira,Australia,Marathi,Male,NSW,Mrs,1,TRUE
945,Yuma,Ronan,Australia,Persian,Male,NSW,Mr,76,FALSE
946,Jori,Naish,Australia,Danish,Female,NSW,Dr,18,TRUE
947,Nicko,Locard,Australia,Amharic,Male,WA,Ms,46,TRUE
948,Avram,Brunsen,Australia,Kurdish,Male,SA,Rev,40,FALSE
949,Loree,Nightingale,Australia,Estonian,Female,NSW,Rev,40,FALSE
950,Deeyn,Brazel,Australia,Dari,Female,NSW,Ms,10,FALSE
951,Odey,Cronshaw,Australia,Hebrew,Male,NSW,Ms,26,FALSE
952,Heddi,Dood,Australia,French,Female,NSW,Dr,37,FALSE
953,Chevy,MacSwayde,Australia,Northern Sotho,Male,NSW,Mr,36,FALSE
954,Rocky,Denisard,Australia,German,Male,NSW,Mr,59,FALSE
955,Ira,Tarr,Australia,Latvian,Male,NSW,Mr,88,TRUE
956,Colan,Blomfield,Australia,Kannada,Male,NSW,Dr,27,TRUE
957,Jerri,Silverthorn,Australia,Telugu,Male,NSW,Rev,84,TRUE
958,Deena,Kroon,Australia,Belarusian,Female,NSW,Rev,51,TRUE
959,Jewel,Markus,Australia,Northern Sotho,Female,NSW,Ms,90,TRUE
960,Skippie,Boost,Australia,Latvian,Male,VIC,Rev,94,FALSE
961,Elaine,Rimmer,Australia,Icelandic,Female,NSW,Ms,46,TRUE
962,Jorgan,Tyne,Australia,Quechua,Male,NSW,Mrs,18,FALSE
963,Rosa,Bagnold,Australia,Somali,Female,NSW,Mrs,70,FALSE
964,Louie,Barnham,Australia,Finnish,Male,TAS,Mr,8,TRUE
965,Almeta,Attock,Australia,Pashto,Female,ACT,Mr,2,FALSE
966,Tandie,Rosi,Australia,Swedish,Female,SA,Ms,14,TRUE
967,Tamarah,Nordass,Australia,Czech,Female,ACT,Dr,76,FALSE
968,Ellie,Santer,Australia,Tetum,Female,TAS,Mrs,40,TRUE
969,Arte,Gladding,Australia,Fijian,Male,NSW,Dr,59,TRUE
970,Becca,Caurah,Australia,Quechua,Female,ACT,Rev,39,TRUE
971,Siward,Mc-Kerley,Australia,Pashto,Male,SA,Honorable,59,TRUE
972,Xymenes,Michin,Australia,Zulu,Male,NSW,Mrs,74,FALSE
973,Jeremiah,Ackerman,Australia,Kannada,Male,ACT,Mr,89,FALSE
974,Austin,Verriour,Australia,Afrikaans,Male,NT,Honorable,49,TRUE
975,Farand,Songest,Australia,Dari,Female,NSW,Mr,73,FALSE
976,Ardath,Phayre,Australia,Khmer,Female,ACT,Mr,4,FALSE
977,Chloe,Giovanetti,Australia,Māori,Female,QLD,Ms,50,FALSE
978,Olive,Doley,Australia,Arabic,Female,NSW,Dr,45,FALSE
979,Mandi,Meriet,Australia,Mongolian,Female,TAS,Dr,69,TRUE
980,Darby,Simoncello,Australia,German,Male,ACT,Rev,51,TRUE
981,Barde,Kob,Australia,Somali,Male,NSW,Rev,21,FALSE
982,Dexter,Jouannisson,Australia,Guaraní,Male,TAS,Rev,21,TRUE
983,Yetta,Flowers,Australia,Georgian,Female,ACT,Mr,100,FALSE
984,Berkeley,Novotni,Australia,Hebrew,Male,TAS,Rev,18,FALSE
985,Callida,Curtiss,Australia,Croatian,Female,ACT,Mr,12,FALSE
986,Margot,Scotchmoor,Australia,Nepali,Female,SA,Ms,76,FALSE
987,Jeanelle,Simper,Australia,Georgian,Female,NSW,Mrs,56,TRUE
988,Brandise,Alexsandrev,Australia,New Zealand Sign Language,Female,SA,Dr,8,TRUE
989,Yulma,Speachley,Australia,Lao,Male,VIC,Mrs,34,TRUE
990,Ripley,Yurkevich,Australia,English,Male,NSW,Honorable,49,FALSE
991,Emmi,Swift,Australia,Nepali,Female,NSW,Mrs,94,TRUE
992,Elsey,Spon,Australia,Swedish,Female,TAS,Mr,92,TRUE
993,Brooks,Persey,Australia,Polish,Male,NSW,Honorable,60,TRUE
994,Emlyn,Rojas,Australia,Azeri,Female,NSW,Honorable,77,TRUE
995,Vivia,Lattin,Australia,Assamese,Female,SA,Ms,39,TRUE
996,Junia,Elles,Australia,Hebrew,Female,NSW,Ms,14,TRUE
997,Christoph,Charlwood,Australia,Thai,Male,NSW,Honorable,70,TRUE
998,Amabelle,Scoffins,Australia,Korean,Female,NSW,Dr,80,TRUE
999,Lil,Wardesworth,Australia,Norwegian,Female,NSW,Honorable,38,FALSE
1000,Cleveland,Jost,Australia,Montenegrin,Male,WA,Mr,94,FALSE
